{
  "h8": [
    [
      201.0,
      50.0
    ],
    [
      244.41665649414062,
      50.48782730102539
    ],
    [
      242.43606567382812,
      93.17708587646484
    ],
    [
      198.7361297607422,
      92.53705596923828
    ]
  ],
  "h7": [
    [
      244.41665649414062,
      50.48782730102539
    ],
    [
      288.1363525390625,
      50.979061126708984
    ],
    [
      286.4430847167969,
      93.82160949707031
    ],
    [
      242.43606567382812,
      93.17708587646484
    ]
  ],
  "h6": [
    [
      288.1363525390625,
      50.979061126708984
    ],
    [
      332.16229248046875,
      51.473731994628906
    ],
    [
      330.76043701171875,
      94.4706802368164
    ],
    [
      286.4430847167969,
      93.82160949707031
    ]
  ],
  "h5": [
    [
      332.16229248046875,
      51.473731994628906
    ],
    [
      376.4976806640625,
      51.971885681152344
    ],
    [
      375.39141845703125,
      95.12434387207031
    ],
    [
      330.76043701171875,
      94.4706802368164
    ]
  ],
  "h4": [
    [
      376.4976806640625,
      51.971885681152344
    ],
    [
      421.14581298828125,
      52.473548889160156
    ],
    [
      420.3393249511719,
      95.78265380859375
    ],
    [
      375.39141845703125,
      95.12434387207031
    ]
  ],
  "h3": [
    [
      421.14581298828125,
      52.473548889160156
    ],
    [
      466.1099853515625,
      52.978763580322266
    ],
    [
      465.60760498046875,
      96.44564819335938
    ],
    [
      420.3393249511719,
      95.78265380859375
    ]
  ],
  "h2": [
    [
      466.1099853515625,
      52.978763580322266
    ],
    [
      511.3935546875,
      53.48756790161133
    ],
    [
      511.19964599609375,
      97.11338806152344
    ],
    [
      465.60760498046875,
      96.44564819335938
    ]
  ],
  "h1": [
    [
      511.3935546875,
      53.48756790161133
    ],
    [
      557.0,
      54.0
    ],
    [
      557.1189575195312,
      97.78591918945312
    ],
    [
      511.19964599609375,
      97.11338806152344
    ]
  ],
  "g8": [
    [
      198.7361297607422,
      92.53705596923828
    ],
    [
      242.43606567382812,
      93.17708587646484
    ],
    [
      240.42874145507812,
      136.44288635253906
    ],
    [
      196.4417724609375,
      135.64657592773438
    ]
  ],
  "g7": [
    [
      242.43606567382812,
      93.17708587646484
    ],
    [
      286.4430847167969,
      93.82160949707031
    ],
    [
      284.72686767578125,
      137.24481201171875
    ],
    [
      240.42874145507812,
      136.44288635253906
    ]
  ],
  "g6": [
    [
      286.4430847167969,
      93.82160949707031
    ],
    [
      330.76043701171875,
      94.4706802368164
    ],
    [
      329.33953857421875,
      138.0524444580078
    ],
    [
      284.72686767578125,
      137.24481201171875
    ]
  ],
  "g5": [
    [
      330.76043701171875,
      94.4706802368164
    ],
    [
      375.39141845703125,
      95.12434387207031
    ],
    [
      374.2700500488281,
      138.86582946777344
    ],
    [
      329.33953857421875,
      138.0524444580078
    ]
  ],
  "g4": [
    [
      375.39141845703125,
      95.12434387207031
    ],
    [
      420.3393249511719,
      95.78265380859375
    ],
    [
      419.5218200683594,
      139.68502807617188
    ],
    [
      374.2700500488281,
      138.86582946777344
    ]
  ],
  "g3": [
    [
      420.3393249511719,
      95.78265380859375
    ],
    [
      465.60760498046875,
      96.44564819335938
    ],
    [
      465.09832763671875,
      140.51011657714844
    ],
    [
      419.5218200683594,
      139.68502807617188
    ]
  ],
  "g2": [
    [
      465.60760498046875,
      96.44564819335938
    ],
    [
      511.19964599609375,
      97.11338806152344
    ],
    [
      511.0030822753906,
      141.34112548828125
    ],
    [
      465.09832763671875,
      140.51011657714844
    ]
  ],
  "g1": [
    [
      511.19964599609375,
      97.11338806152344
    ],
    [
      557.1189575195312,
      97.78591918945312
    ],
    [
      557.2396240234375,
      142.17816162109375
    ],
    [
      511.0030822753906,
      141.34112548828125
    ]
  ],
  "f8": [
    [
      196.4417724609375,
      135.64657592773438
    ],
    [
      240.42874145507812,
      136.44288635253906
    ],
    [
      238.39410400390625,
      180.29698181152344
    ],
    [
      194.11634826660156,
      179.3402099609375
    ]
  ],
  "f7": [
    [
      240.42874145507812,
      136.44288635253906
    ],
    [
      284.72686767578125,
      137.24481201171875
    ],
    [
      282.98724365234375,
      181.2605743408203
    ],
    [
      238.39410400390625,
      180.29698181152344
    ]
  ],
  "f6": [
    [
      284.72686767578125,
      137.24481201171875
    ],
    [
      329.33953857421875,
      138.0524444580078
    ],
    [
      327.8991394042969,
      182.23104858398438
    ],
    [
      282.98724365234375,
      181.2605743408203
    ]
  ],
  "f5": [
    [
      329.33953857421875,
      138.0524444580078
    ],
    [
      374.2700500488281,
      138.86582946777344
    ],
    [
      373.13323974609375,
      183.20849609375
    ],
    [
      327.8991394042969,
      182.23104858398438
    ]
  ],
  "f4": [
    [
      374.2700500488281,
      138.86582946777344
    ],
    [
      419.5218200683594,
      139.68502807617188
    ],
    [
      418.6930236816406,
      184.19296264648438
    ],
    [
      373.13323974609375,
      183.20849609375
    ]
  ],
  "f3": [
    [
      419.5218200683594,
      139.68502807617188
    ],
    [
      465.09832763671875,
      140.51011657714844
    ],
    [
      464.5820007324219,
      185.18455505371094
    ],
    [
      418.6930236816406,
      184.19296264648438
    ]
  ],
  "f2": [
    [
      465.09832763671875,
      140.51011657714844
    ],
    [
      511.0030822753906,
      141.34112548828125
    ],
    [
      510.8037414550781,
      186.18333435058594
    ],
    [
      464.5820007324219,
      185.18455505371094
    ]
  ],
  "f1": [
    [
      511.0030822753906,
      141.34112548828125
    ],
    [
      557.2396240234375,
      142.17816162109375
    ],
    [
      557.3619384765625,
      187.18939208984375
    ],
    [
      510.8037414550781,
      186.18333435058594
    ]
  ],
  "e8": [
    [
      194.11634826660156,
      179.3402099609375
    ],
    [
      238.39410400390625,
      180.29698181152344
    ],
    [
      236.3316192626953,
      224.75146484375
    ],
    [
      191.75918579101562,
      223.62989807128906
    ]
  ],
  "e7": [
    [
      238.39410400390625,
      180.29698181152344
    ],
    [
      282.98724365234375,
      181.2605743408203
    ],
    [
      281.2237243652344,
      225.88108825683594
    ],
    [
      236.3316192626953,
      224.75146484375
    ]
  ],
  "e6": [
    [
      282.98724365234375,
      181.2605743408203
    ],
    [
      327.8991394042969,
      182.23104858398438
    ],
    [
      326.43890380859375,
      227.01882934570312
    ],
    [
      281.2237243652344,
      225.88108825683594
    ]
  ],
  "e5": [
    [
      327.8991394042969,
      182.23104858398438
    ],
    [
      373.13323974609375,
      183.20849609375
    ],
    [
      371.9807434082031,
      228.164794921875
    ],
    [
      326.43890380859375,
      227.01882934570312
    ]
  ],
  "e4": [
    [
      373.13323974609375,
      183.20849609375
    ],
    [
      418.6930236816406,
      184.19296264648438
    ],
    [
      417.85272216796875,
      229.31907653808594
    ],
    [
      371.9807434082031,
      228.164794921875
    ]
  ],
  "e3": [
    [
      418.6930236816406,
      184.19296264648438
    ],
    [
      464.5820007324219,
      185.18455505371094
    ],
    [
      464.0584716796875,
      230.48175048828125
    ],
    [
      417.85272216796875,
      229.31907653808594
    ]
  ],