{
  "a1": [
    [
      178.0,
      47.0
    ],
    [
      223.389404296875,
      46.6309814453125
    ],
    [
      223.11024475097656,
      91.51512145996094
    ],
    [
      177.51585388183594,
      91.7833251953125
    ]
  ],
  "a2": [
    [
      223.389404296875,
      46.6309814453125
    ],
    [
      268.986083984375,
      46.260276794433594
    ],
    [
      268.913818359375,
      91.24568939208984
    ],
    [
      223.11024475097656,
      91.51512145996094
    ]
  ],
  "a3": [
    [
      268.986083984375,
      46.260276794433594
    ],
    [
      314.79150390625,
      45.887874603271484
    ],
    [
      314.927978515625,
      90.97501373291016
    ],
    [
      268.913818359375,
      91.24568939208984
    ]
  ],
  "a4": [
    [
      314.79150390625,
      45.887874603271484
    ],
    [
      360.80706787109375,
      45.513763427734375
    ],
    [
      361.15423583984375,
      90.70309448242188
    ],
    [
      314.927978515625,
      90.97501373291016
    ]
  ],
  "a5": [
    [
      360.80706787109375,
      45.513763427734375
    ],
    [
      407.0342102050781,
      45.13793182373047
    ],
    [
      407.59405517578125,
      90.42992401123047
    ],
    [
      361.15423583984375,
      90.70309448242188
    ]
  ],
  "a6": [
    [
      407.0342102050781,
      45.13793182373047
    ],
    [
      453.47442626953125,
      44.760372161865234
    ],
    [
      454.2488708496094,
      90.15547943115234
    ],
    [
      407.59405517578125,
      90.42992401123047
    ]
  ],
  "a7": [
    [
      453.47442626953125,
      44.760372161865234
    ],
    [
      500.12921142578125,
      44.38106155395508
    ],
    [
      501.1202392578125,
      89.87976837158203
    ],
    [
      454.2488708496094,
      90.15547943115234
    ]
  ],
  "a8": [
    [
      500.12921142578125,
      44.38106155395508
    ],
    [
      547.0,
      44.0
    ],
    [
      548.2095947265625,
      89.60276794433594
    ],
    [
      501.1202392578125,
      89.87976837158203
    ]
  ],
  "b1": [
    [
      177.51585388183594,
      91.7833251953125
    ],
    [
      223.11024475097656,
      91.51512145996094
    ],
    [
      222.8285369873047,
      136.80873107910156
    ],
    [
      177.0272979736328,
      136.97425842285156
    ]
  ],
  "b2": [
    [
      223.11024475097656,
      91.51512145996094
    ],
    [
      268.913818359375,
      91.24568939208984
    ],
    [
      268.8408508300781,
      136.64244079589844
    ],
    [
      222.8285369873047,
      136.80873107910156
    ]
  ],
  "b3": [
    [
      268.913818359375,
      91.24568939208984
    ],
    [
      314.927978515625,
      90.97501373291016
    ],
    [
      315.06573486328125,
      136.47537231445312
    ],
    [
      268.8408508300781,
      136.64244079589844
    ]
  ],
  "b4": [
    [
      314.927978515625,
      90.97501373291016
    ],
    [
      361.15423583984375,
      90.70309448242188
    ],
    [
      361.504638671875,
      136.3075408935547
    ],
    [
      315.06573486328125,
      136.47537231445312
    ]
  ],
  "b5": [
    [
      361.15423583984375,
      90.70309448242188
    ],
    [
      407.59405517578125,
      90.42992401123047
    ],
    [
      408.1590270996094,
      136.13893127441406
    ],
    [
      361.504638671875,
      136.3075408935547
    ]
  ],
  "b6": [
    [
      407.59405517578125,
      90.42992401123047
    ],
    [
      454.2488708496094,
      90.15547943115234
    ],
    [
      455.03045654296875,
      135.9695281982422
    ],
    [
      408.1590270996094,
      136.13893127441406
    ]
  ],
  "b7": [
    [
      454.2488708496094,
      90.15547943115234
    ],
    [
      501.1202392578125,
      89.87976837158203
    ],
    [
      502.12042236328125,
      135.79934692382812
    ],
    [
      455.03045654296875,
      135.9695281982422
    ]
  ],
  "b8": [
    [
      501.1202392578125,
      89.87976837158203
    ],
    [
      548.2095947265625,
      89.60276794433594
    ],
    [
      549.4304809570312,
      135.6283721923828
    ],
    [
      502.12042236328125,
      135.79934692382812
    ]
  ],
  "c1": [
    [
      177.0272979736328,
      136.97425842285156
    ],
    [
      222.8285369873047,
      136.80873107910156
    ],
    [
      222.5442657470703,
      182.51742553710938
    ],
    [
      176.53428649902344,
      182.57838439941406
    ]
  ],
  "c2": [
    [
      222.8285369873047,
      136.80873107910156
    ],
    [
      268.8408508300781,
      136.64244079589844
    ],
    [
      268.7672424316406,
      182.45619201660156
    ],
    [
      222.5442657470703,
      182.51742553710938
    ]
  ],
  "c3": [
    [
      268.8408508300781,
      136.64244079589844
    ],
    [
      315.06573486328125,
      136.47537231445312
    ],
    [
      315.2047424316406,
      182.3946533203125
    ],
    [
      268.7672424316406,
      182.45619201660156
    ]
  ],
  "c4": [
    [
      315.06573486328125,
      136.47537231445312
    ],
    [
      361.504638671875,
      136.3075408935547
    ],
    [
      361.8582458496094,
      182.3328399658203
    ],
    [
      315.2047424316406,
      182.3946533203125
    ]
  ],
  "c5": [
    [
      361.504638671875,
      136.3075408935547
    ],
    [
      408.1590270996094,
      136.13893127441406
    ],
    [
      408.729248046875,
      182.270751953125
    ],
    [
      361.8582458496094,
      182.3328399658203
    ]
  ],
  "c6": [
    [
      408.1590270996094,
      136.13893127441406
    ],
    [
      455.03045654296875,
      135.9695281982422
    ],
    [
      455.8193054199219,
      182.20835876464844
    ],
    [
      408.729248046875,
      182.270751953125
    ]
  ],
  "c7": [
    [
      455.03045654296875,
      135.9695281982422
    ],
    [
      502.12042236328125,
      135.79934692382812
    ],
    [
      503.1299133300781,
      182.1456756591797
    ],
    [
      455.8193054199219,
      182.20835876464844
    ]
  ],
  "c8": [
    [
      502.12042236328125,
      135.79934692382812
    ],
    [
      549.4304809570312,
      135.6283721923828
    ],
    [
      550.6626586914062,
      182.0826873779297
    ],
    [
      503.1299133300781,
      182.1456756591797
    ]
  ],
  "d1": [
    [
      176.53428649902344,
      182.57838439941406
    ],
    [
      222.5442657470703,
      182.51742553710938
    ],
    [
      222.25735473632812,
      228.64695739746094
    ],
    [
      176.0367431640625,
      228.60140991210938
    ]
  ],
  "d2": [
    [
      222.5442657470703,
      182.51742553710938
    ],
    [
      268.7672424316406,
      182.45619201660156
    ],
    [
      268.6929626464844,
      228.6927032470703
    ],
    [
      222.25735473632812,
      228.64695739746094
    ]
  ],
  "d3": [
    [
      268.7672424316406,
      182.45619201660156
    ],
    [
      315.2047424316406,
      182.3946533203125
    ],
    [
      315.34503173828125,
      228.73867797851562
    ],
    [
      268.6929626464844,
      228.6927032470703
    ]
  ],
  "d4": [
    [
      315.2047424316406,
      182.3946533203125
    ],
    [
      361.8582458496094,
      182.3328399658203
    ],
    [
      362.21514892578125,
      228.7848663330078
    ],
    [
      315.34503173828125,
      228.73867797851562
    ]
  ],
  "d5": [
    [
      361.8582458496094,
      182.3328399658203
    ],
    [
      408.729248046875,
      182.270751953125
    ],
    [
      409.3047790527344,
      228.8312530517578
    ],
    [
      362.21514892578125,
      228.7848663330078
    ]
  ],
  "d6": [
    [
      408.729248046875,
      182.270751953125
    ],
    [
      455.8193054199219,
      182.20835876464844
    ],
    [
      456.615478515625,
      228.8778839111328
    ],
    [
      409.3047790527344,
      228.8312530517578
    ]
  ],