{
  "h1": [
    [
      194.0,
      291.0
    ],
    [
      195.3553466796875,
      256.84539794921875
    ],
    [
      230.29006958007812,
      256.61279296875
    ],
    [
      229.36085510253906,
      290.74920654296875
    ]
  ],
  "g1": [
    [
      195.3553466796875,
      256.84539794921875
    ],
    [
      196.67843627929688,
      223.5033721923828
    ],
    [
      231.1971893310547,
      223.28814697265625
    ],
    [
      230.29006958007812,
      256.61279296875
    ]
  ],
  "f1": [
    [
      196.67843627929688,
      223.5033721923828
    ],
    [
      197.97042846679688,
      190.94529724121094
    ],
    [
      232.08299255371094,
      190.7467041015625
    ],
    [
      231.1971893310547,
      223.28814697265625
    ]
  ],
  "e1": [
    [
      197.97042846679688,
      190.94529724121094
    ],
    [
      199.23239135742188,
      159.14382934570312
    ],
    [
      232.94821166992188,
      158.96116638183594
    ],
    [
      232.08299255371094,
      190.7467041015625
    ]
  ],
  "d1": [
    [
      199.23239135742188,
      159.14382934570312
    ],
    [
      200.46536254882812,
      128.07289123535156
    ],
    [
      233.7935791015625,
      127.9054946899414
    ],
    [
      232.94821166992188,
      158.96116638183594
    ]
  ],
  "c1": [
    [
      200.46536254882812,
      128.07289123535156
    ],
    [
      201.6703338623047,
      97.7076187133789
    ],
    [
      234.61973571777344,
      97.5548324584961
    ],
    [
      233.7935791015625,
      127.9054946899414
    ]
  ],
  "b1": [
    [
      201.6703338623047,
      97.7076187133789
    ],
    [
      202.84825134277344,
      68.02422332763672
    ],
    [
      235.4273681640625,
      67.88544464111328
    ],
    [
      234.61973571777344,
      97.5548324584961
    ]
  ],
  "a1": [
    [
      202.84825134277344,
      68.02422332763672
    ],
    [
      204.0,
      39.0
    ],
    [
      236.21705627441406,
      38.87464141845703
    ],
    [
      235.4273681640625,
      67.88544464111328
    ]
  ],
  "h2": [
    [
      229.36085510253906,
      290.74920654296875
    ],
    [
      230.29006958007812,
      256.61279296875
    ],
    [
      265.1938171386719,
      256.38037109375
    ],
    [
      264.68994140625,
      290.4986572265625
    ]
  ],
  "g2": [
    [
      230.29006958007812,
      256.61279296875
    ],
    [
      231.1971893310547,
      223.28814697265625
    ],
    [
      265.6856689453125,
      223.0731201171875
    ],
    [
      265.1938171386719,
      256.38037109375
    ]
  ],
  "f2": [
    [
      231.1971893310547,
      223.28814697265625
    ],
    [
      232.08299255371094,
      190.7467041015625
    ],
    [
      266.166015625,
      190.54830932617188
    ],
    [
      265.6856689453125,
      223.0731201171875
    ]
  ],
  "e2": [
    [
      232.08299255371094,
      190.7467041015625
    ],
    [
      232.94821166992188,
      158.96116638183594
    ],
    [
      266.6351623535156,
      158.77867126464844
    ],
    [
      266.166015625,
      190.54830932617188
    ]
  ],
  "d2": [
    [
      232.94821166992188,
      158.96116638183594
    ],
    [
      233.7935791015625,
      127.9054946899414
    ],
    [
      267.09356689453125,
      127.73824310302734
    ],
    [
      266.6351623535156,
      158.77867126464844
    ]
  ],
  "c2": [
    [
      233.7935791015625,
      127.9054946899414
    ],
    [
      234.61973571777344,
      97.5548324584961
    ],
    [
      267.54156494140625,
      97.40217590332031
    ],
    [
      267.09356689453125,
      127.73824310302734
    ]
  ],
  "b2": [
    [
      234.61973571777344,
      97.5548324584961
    ],
    [
      235.4273681640625,
      67.88544464111328
    ],
    [
      267.9795227050781,
      67.74678039550781
    ],
    [
      267.54156494140625,
      97.40217590332031
    ]
  ],
  "a2": [
    [
      235.4273681640625,
      67.88544464111328
    ],
    [
      236.21705627441406,
      38.87464141845703
    ],
    [
      268.4077453613281,
      38.749385833740234
    ],
    [
      267.9795227050781,
      67.74678039550781
    ]
  ],
  "h3": [
    [
      264.68994140625,
      290.4986572265625
    ],
    [
      265.1938171386719,
      256.38037109375
    ],
    [
      300.06658935546875,
      256.148193359375
    ],
    [
      299.9873352050781,
      290.2483215332031
    ]
  ],
  "g3": [
    [
      265.1938171386719,
      256.38037109375
    ],
    [
      265.6856689453125,
      223.0731201171875
    ],
    [
      300.1439514160156,
      222.8582763671875
    ],
    [
      300.06658935546875,
      256.148193359375
    ]
  ],
  "f3": [
    [
      265.6856689453125,
      223.0731201171875
    ],
    [
      266.166015625,
      190.54830932617188
    ],
    [
      300.219482421875,
      190.35006713867188
    ],
    [
      300.1439514160156,
      222.8582763671875
    ]
  ],
  "e3": [
    [
      266.166015625,
      190.54830932617188
    ],
    [
      266.6351623535156,
      158.77867126464844
    ],
    [
      300.29327392578125,
      158.59634399414062
    ],
    [
      300.219482421875,
      190.35006713867188
    ]
  ],
  "d3": [
    [
      266.6351623535156,
      158.77867126464844
    ],
    [
      267.09356689453125,
      127.73824310302734
    ],
    [
      300.3653869628906,
      127.57112884521484
    ],
    [
      300.29327392578125,
      158.59634399414062
    ]
  ],
  "c3": [
    [
      267.09356689453125,
      127.73824310302734
    ],
    [
      267.54156494140625,
      97.40217590332031
    ],
    [
      300.43585205078125,
      97.24964904785156
    ],
    [
      300.3653869628906,
      127.57112884521484
    ]
  ],
  "b3": [
    [
      267.54156494140625,
      97.40217590332031
    ],
    [
      267.9795227050781,
      67.74678039550781
    ],
    [
      300.5047302246094,
      67.60823059082031
    ],
    [
      300.43585205078125,
      97.24964904785156
    ]
  ],
  "a3": [
    [
      267.9795227050781,
      67.74678039550781
    ],
    [
      268.4077453613281,
      38.749385833740234
    ],
    [
      300.5721130371094,
      38.62423324584961
    ],
    [
      300.5047302246094,
      67.60823059082031
    ]
  ],
  "h4": [
    [
      299.9873352050781,
      290.2483215332031
    ],
    [
      300.06658935546875,
      256.148193359375
    ],
    [
      334.908447265625,
      255.9161834716797
    ],
    [
      335.2530517578125,
      289.9981994628906
    ]
  ],
  "g4": [
    [
      300.06658935546875,
      256.148193359375
    ],
    [
      300.1439514160156,
      222.8582763671875
    ],
    [
      334.572021484375,
      222.64361572265625
    ],
    [
      334.908447265625,
      255.9161834716797
    ]
  ],
  "f4": [
    [
      300.1439514160156,
      222.8582763671875
    ],
    [
      300.219482421875,
      190.35006713867188
    ],
    [
      334.2434997558594,
      190.15200805664062
    ],
    [
      334.572021484375,
      222.64361572265625
    ]
  ],
  "e4": [
    [
      300.219482421875,
      190.35006713867188
    ],
    [
      300.29327392578125,
      158.59634399414062
    ],
    [
      333.922607421875,
      158.41415405273438
    ],
    [
      334.2434997558594,
      190.15200805664062
    ]
  ],
  "d4": [
    [
      300.29327392578125,
      158.59634399414062
    ],
    [
      300.3653869628906,
      127.57112884521484
    ],
    [
      333.60906982421875,
      127.40415954589844
    ],
    [
      333.922607421875,
      158.41415405273438
    ]
  ],
  "c4": [
    [
      300.3653869628906,
      127.57112884521484
    ],
    [
      300.43585205078125,
      97.24964904785156
    ],
    [
      333.3026428222656,
      97.09725189208984
    ],
    [
      333.60906982421875,
      127.40415954589844
    ]
  ],